9090	9101	ACAACCAGGAT
10180	10191	AGACCCAGGTA
25109	25120	ACACCCAGGAT
49980	49991	GTTGCCAGGAC
75366	75377	CGGACCAGGCC
88277	88288	AACGCCAGGCG
94809	94820	CCGACCAGGCG
101587	101598	TGCGCCAGGAC
112350	112361	CACGCCAGGCA
112364	112375	CAATCCAGGTC
121396	121407	TAACCCAGGAT
121441	121452	CTACCCAGGAA
122287	122298	GTCGCCAGGGT
133934	133945	GTAACCAGGCG
147987	147998	CAAGCCAGGCG
150659	150670	TGGACCAGGAT
150717	150728	GTATCCAGGTA
151704	151715	ACGACCAGGCG
154847	154858	TCGACCAGGGG
154954	154965	TTACCCAGGCT
161281	161292	ATTCCCAGGTG
174701	174712	GCCCCCAGGAA
181127	181138	TCTGCCAGGAA
181163	181174	TCTGCCAGGGT
181172	181183	GTGGCCAGGGC
181829	181840	TAAGCCAGGTT
190561	190572	CTTCCCAGGCG
198429	198440	TGTTCCAGGAA
199404	199415	ACTTCCAGGCA
200866	200877	ACAGCCAGGAT
201857	201868	TGAACCAGGCG
218645	218656	GCAGCCAGGTA
292524	292535	TGTACCAGGCT
318386	318397	CTTTCCAGGAT
335261	335272	AAAACCAGGGG
350858	350869	GCCACCAGGTG
363880	363891	CGACCCAGGCG
389629	389640	AACACCAGGTC
402968	402979	TCACCCAGGCG
406873	406884	CCAGCCAGGTG
435173	435184	CCGTCCAGGCG
442071	442082	GCACCCAGGAA
442416	442427	TCGGCCAGGTG
443602	443613	ACTACCAGGGG
448762	448773	CGATCCAGGTG
451717	451728	GCTGCCAGGTC
455316	455327	TACGCCAGGAC
455697	455708	TGGGCCAGGGT
456075	456086	GTCGCCAGGCT
462368	462379	ACGCCCAGGCG
479096	479107	ACCGCCAGGGT
479275	479286	CTTTCCAGGGA
496131	496142	TCCTCCAGGAC
504202	504213	GGTCCCAGGGA
504247	504258	TGCGCCAGGCC
511744	511755	TGTACCAGGTC
513773	513784	GGTCCCAGGGT
530250	530261	CCAGCCAGGCC
531581	531592	ATCGCCAGGCG
540779	540790	AGGGCCAGGTG
544061	544072	TCTGCCAGGCA
545881	545892	AAGGCCAGGGG
581063	581074	CCAGCCAGGGA
585284	585295	CCGTCCAGGTT
600620	600631	GCGGCCAGGCA
640926	640937	CCGACCAGGTT
645239	645250	CACCCCAGGAC
646185	646196	TTCACCAGGAA
655978	655989	GTCTCCAGGCC
659626	659637	TTTTCCAGGTT
683667	683678	ACAGCCAGGCG
686413	686424	GATACCAGGTA
686545	686556	TAATCCAGGCG
692893	692904	CGCTCCAGGGC
693343	693354	GGCTCCAGGGT
696774	696785	CGAACCAGGGA
702392	702403	TTTGCCAGGTA
707531	707542	TAACCCAGGTG
709988	709999	CCGACCAGGAA
713290	713301	ACGCCCAGGCG
715748	715759	TTTGCCAGGGC
720862	720873	CTATCCAGGAA
738680	738691	GAAACCAGGGG
739528	739539	TTCGCCAGGAT
747406	747417	GCCGCCAGGAG
747420	747431	AGCCCCAGGCA
747533	747544	ACGGCCAGGGT
769802	769813	ATAACCAGGCT
792572	792583	GTCCCCAGGAA
806918	806929	CTCACCAGGCA
807164	807175	GGTACCAGGCG
813071	813082	TTGCCCAGGCG
832814	832825	TAGGCCAGGTT
836952	836963	GCCGCCAGGTT
840444	840455	GTGACCAGGTC
850204	850215	TGCGCCAGGAT
852104	852115	CACCCCAGGCC
856797	856808	CTCGCCAGGCA
857241	857252	TCAGCCAGGAC
876514	876525	ATTTCCAGGTG
877646	877657	GGCACCAGGCT
882504	882515	TCCACCAGGCG
883693	883704	GGTGCCAGGCT
886420	886431	CGACCCAGGCG
887459	887470	TTATCCAGGCC
913666	913677	CCGCCCAGGCA
925382	925393	TCATCCAGGAC
928573	928584	GCAGCCAGGCC
929677	929688	CAACCCAGGAG
941250	941261	TGCACCAGGTT
947914	947925	CAACCCAGGAA
952697	952708	ACATCCAGGAA
954141	954152	GACCCCAGGTG
961954	961965	GGAGCCAGGTG
995662	995673	GTGACCAGGTT
1000497	1000508	CGACCCAGGCG
1005039	1005050	ACAGCCAGGTA
1005297	1005308	TACCCCAGGAT
1007047	1007058	CTTCCCAGGCT
1013647	1013658	GCAGCCAGGCG
1015313	1015324	ACCACCAGGGA
1018261	1018272	GGAACCAGGTC
1023368	1023379	CGCGCCAGGTT
1023612	1023623	ATAGCCAGGGC
1023618	1023629	AGGGCCAGGGA
1048423	1048434	CTTCCCAGGAA
1048592	1048603	TTCGCCAGGCA
1052692	1052703	GACACCAGGCA
1053265	1053276	TACGCCAGGTC
1055711	1055722	TGCGCCAGGCG
1056098	1056109	CCCACCAGGGT
1057228	1057239	GTCACCAGGGG
1070684	1070695	TGTCCCAGGCG
1087852	1087863	GATACCAGGCT
1098948	1098959	TTGCCCAGGCC
1108572	1108583	CAGCCCAGGCC
1116077	1116088	GGCCCCAGGTT
1120117	1120128	GGATCCAGGTT
1126491	1126502	GACGCCAGGTG
1134351	1134362	AAACCCAGGCC
1135212	1135223	AAGGCCAGGCA
1140186	1140197	TCTCCCAGGCA
1146854	1146865	ATTACCAGGGT
1161942	1161953	TCTACCAGGAT
1167941	1167952	CTCTCCAGGAA
1170277	1170288	GCGGCCAGGTG
1184206	1184217	GAAACCAGGCA
1219556	1219567	TTGACCAGGAA
1224091	1224102	TCAACCAGGCA
1226518	1226529	TCGTCCAGGTC
1241865	1241876	AGTGCCAGGTT
1243153	1243164	GATTCCAGGCT
1250215	1250226	TCCGCCAGGGT
1252669	1252680	ATGGCCAGGCA
1261945	1261956	CTTTCCAGGCG
1271058	1271069	GCCACCAGGAA
1272176	1272187	ATGCCCAGGAT
1289657	1289668	TATTCCAGGAC
1291510	1291521	GGAACCAGGAT
1311741	1311752	TAAGCCAGGCA
1313178	1313189	GGTGCCAGGGC
1333797	1333808	CCCGCCAGGTG
1338396	1338407	GTAGCCAGGAA
1354171	1354182	AGTACCAGGCC
1354971	1354982	AAAGCCAGGCA
1371000	1371011	TGCGCCAGGTA
1378965	1378976	CTTGCCAGGCG
1421740	1421751	TTCGCCAGGCA
1421866	1421877	AATACCAGGGC
1437296	1437307	TGTGCCAGGAA
1447099	1447110	CCTGCCAGGTG
1464942	1464953	AGTACCAGGTG
1466862	1466873	GCGACCAGGCC
1471119	1471130	TTAACCAGGGG
1472172	1472183	GGAACCAGGAT
1482522	1482533	GCAACCAGGTC
1483196	1483207	TTTTCCAGGAG
1496581	1496592	TTTACCAGGAA
1498177	1498188	GGCGCCAGGTG
1520196	1520207	TACACCAGGTG
1522889	1522900	GTTGCCAGGCG
1535921	1535932	CCGGCCAGGGT
1541068	1541079	CACCCCAGGCT
1549057	1549068	TCTGCCAGGGC
1577687	1577698	TCGGCCAGGTT
1580612	1580623	CTTGCCAGGTA
1618810	1618821	CCTGCCAGGCC
1627610	1627621	GTCGCCAGGAA
1631156	1631167	GATACCAGGAT
1640162	1640173	ACTTCCAGGAA
1649947	1649958	TTCACCAGGAT
1659182	1659193	TCTGCCAGGGC
1668382	1668393	TGCACCAGGTG
1684553	1684564	GTTACCAGGTC
1694238	1694249	TGCGCCAGGAG
1711390	1711401	GCCACCAGGTG
1736865	1736876	TTTGCCAGGGT
1764337	1764348	CTTGCCAGGCG
1776217	1776228	TTGCCCAGGCG
1776886	1776897	TCGTCCAGGAA
1777569	1777580	GGAACCAGGTG
1792420	1792431	AAGACCAGGTC
1804578	1804589	TGAGCCAGGAT
1805845	1805856	GCGACCAGGCA
1820738	1820749	ACCACCAGGCC
1824596	1824607	ACATCCAGGCG
1826415	1826426	CGTCCCAGGGA
1863188	1863199	CTGGCCAGGAC
1869837	1869848	ATACCCAGGCG
1881070	1881081	CCCACCAGGAA
1920060	1920071	AAGCCCAGGAA
1923132	1923143	CGGTCCAGGGA
1934849	1934860	CATTCCAGGAA
1936273	1936284	ATGACCAGGTC
1944493	1944504	GCCGCCAGGTT
1956205	1956216	CGATCCAGGTG
1987054	1987065	GCGCCCAGGCA
1988851	1988862	ACGCCCAGGAA
1998697	1998708	GTAGCCAGGTG
2019139	2019150	CCCGCCAGGGG
2021403	2021414	TCGCCCAGGGC
2022121	2022132	CTAACCAGGTA
2026882	2026893	CATACCAGGAG
2032678	2032689	GCCCCCAGGGC
2036321	2036332	AAAGCCAGGAC
2075337	2075348	AGATCCAGGCG
2083680	2083691	TGGCCCAGGCG
2084573	2084584	CCTGCCAGGTC
2085812	2085823	TCTTCCAGGTT
2090849	2090860	TGATCCAGGCG
2098561	2098572	CGTTCCAGGCG
2098996	2099007	ATCGCCAGGTA
2113631	2113642	TGCACCAGGCT
2115540	2115551	ACATCCAGGGT
2128953	2128964	AATGCCAGGAT
2151494	2151505	ATGGCCAGGAG
2154400	2154411	AAGCCCAGGGC
2210867	2210878	GCTGCCAGGCG
2212128	2212139	CGCACCAGGTC
2214463	2214474	CAAACCAGGTG
2226605	2226616	ACCACCAGGCT
2255489	2255500	CGCGCCAGGCT
2257370	2257381	AGCGCCAGGTT
2259118	2259129	GTAGCCAGGCT
2285435	2285446	ATCGCCAGGCA
2285802	2285813	CTGGCCAGGCA
2308963	2308974	CGCGCCAGGAG
2311931	2311942	CAACCCAGGGA
2328410	2328421	CCAGCCAGGCT
2352950	2352961	CCTTCCAGGCC
2361374	2361385	TAAACCAGGCG
2362551	2362562	ATAGCCAGGCT
2364132	2364143	AACGCCAGGCC
2380437	2380448	GCGCCCAGGAC
2404054	2404065	CCACCCAGGAG
2410870	2410881	ACTACCAGGTT
2412932	2412943	CCGCCCAGGGC
2419913	2419924	TCCACCAGGCG
2420217	2420228	GTTCCCAGGTC
2425348	2425359	GTTCCCAGGTA
2438754	2438765	CTGCCCAGGCC
2462866	2462877	ATTTCCAGGAT
2467355	2467366	CAGACCAGGTA
2470781	2470792	ACATCCAGGGG
2482726	2482737	CCAACCAGGCT
2483932	2483943	GTATCCAGGTG
2513888	2513899	CCTTCCAGGGC
2518563	2518574	GCGTCCAGGGT
2523108	2523119	GCGTCCAGGCC
2523814	2523825	TATACCAGGCA
2552388	2552399	GCCGCCAGGTG
2552533	2552544	CGATCCAGGTC
2590364	2590375	ACTTCCAGGTG
2614842	2614853	CGGGCCAGGCA
2615598	2615609	GTTGCCAGGCG
2619615	2619626	ATTGCCAGGAA
2619657	2619668	ACCGCCAGGGT
2626857	2626868	CGCGCCAGGTG
2634394	2634405	CCGCCCAGGTA
2636648	2636659	CGTGCCAGGCA
2698786	2698797	GTTACCAGGGG
2715475	2715486	GACGCCAGGAC
2738186	2738197	CCGGCCAGGCC
2763687	2763698	TTCTCCAGGTC
2798308	2798319	CCAGCCAGGTG
2816813	2816824	AAACCCAGGGA
2817129	2817140	AATCCCAGGTG
2821772	2821783	TTTTCCAGGTC
2822449	2822460	GGCACCAGGCA
2827080	2827091	CGGCCCAGGCG
2868858	2868869	ATAACCAGGAA
2880073	2880084	CTGTCCAGGCG
2880605	2880616	CGCCCCAGGTA
2881070	2881081	GAACCCAGGAT
2881796	2881807	CAACCCAGGGA
2882216	2882227	CCCACCAGGTC
2892440	2892451	TATTCCAGGTC
2905018	2905029	TAACCCAGGTA
2934412	2934423	ATTTCCAGGCT
2938278	2938289	GCGCCCAGGTT
2961472	2961483	CTCTCCAGGTC
2968198	2968209	CCAACCAGGCC
2981101	2981112	AGAGCCAGGAC
3008440	3008451	CCTGCCAGGAC
3059960	3059971	TGCGCCAGGTG
3070349	3070360	CTTCCCAGGTT
3076928	3076939	GCCGCCAGGTT
3082468	3082479	AGCGCCAGGAA
3087012	3087023	TCAACCAGGGC
3099288	3099299	TCGTCCAGGTC
3105018	3105029	TCCGCCAGGCG
3118749	3118760	CTCGCCAGGTT
3118819	3118830	CCGCCCAGGGT
3123527	3123538	GGCACCAGGTA
3131816	3131827	CGTACCAGGCA
3136084	3136095	ATCGCCAGGCC
3139616	3139627	CCATCCAGGCC
3143113	3143124	CTTCCCAGGTC
3146568	3146579	CTTCCCAGGCG
3150217	3150228	CAATCCAGGCA
3153702	3153713	TTTGCCAGGCG
3160444	3160455	CCAGCCAGGCA
3169050	3169061	CGTCCCAGGCG
3170916	3170927	TTGGCCAGGAA
3176712	3176723	TCTCCCAGGTG
3179910	3179921	AAACCCAGGCA
3185541	3185552	TAAACCAGGTG
3188286	3188297	TCCTCCAGGCC
3193893	3193904	AGTCCCAGGCA
3194529	3194540	TCTTCCAGGAA
3212751	3212762	TGCGCCAGGAA
3213599	3213610	TTTCCCAGGAA
3217040	3217051	TAACCCAGGGG
3219842	3219853	ACAGCCAGGAG
3241416	3241427	GCGCCCAGGTA
3244473	3244484	CCGCCCAGGCG
3254461	3254472	GGCCCCAGGTG
3259249	3259260	CCTTCCAGGCA
3265321	3265332	TCCGCCAGGGT
3274483	3274494	GGAACCAGGCG
3275233	3275244	GAGACCAGGTC
3277105	3277116	GAAGCCAGGCC
3284545	3284556	ATGACCAGGAT
3285339	3285350	ACATCCAGGTC
3286550	3286561	GATGCCAGGCA
3287958	3287969	CACCCCAGGGG
3289399	3289410	ACCGCCAGGGC
3317563	3317574	GGAACCAGGTT
3332022	3332033	TCCGCCAGGGC
3333051	3333062	ACGCCCAGGCG
3339406	3339417	TCCGCCAGGAT
3339413	3339424	GGATCCAGGCG
3342923	3342934	CCGCCCAGGTG
3343557	3343568	TCACCCAGGGC
3353362	3353373	CTTCCCAGGCT
3367500	3367511	AAAACCAGGTG
3373729	3373740	CGTGCCAGGTA
3380825	3380836	GATTCCAGGCC
3380830	3380841	CAGGCCAGGTT
3385156	3385167	TCGACCAGGAG
3387860	3387871	ATATCCAGGTA
3399999	3400010	CAGACCAGGCA
3411135	3411146	ATCTCCAGGAA
3417521	3417532	CGCGCCAGGAA
3420593	3420604	CACGCCAGGCT
3429829	3429840	TCTTCCAGGTC
3434992	3435003	TGCACCAGGAA
3437728	3437739	ACCGCCAGGAA
3443965	3443976	AATACCAGGGA
3449779	3449790	CTGTCCAGGTT
3455157	3455168	GCGTCCAGGCG
3456726	3456737	TCGTCCAGGCG
3457361	3457372	CCGTCCAGGAA
3463107	3463118	TCACCCAGGAC
3463290	3463301	CCGCCCAGGTA
3468763	3468774	CCCACCAGGCG
3468974	3468985	GGAGCCAGGGT
3469153	3469164	CTTTCCAGGCT
3485909	3485920	GACACCAGGAG
3490670	3490681	GGGGCCAGGTG
3492274	3492285	GCCGCCAGGGT
3499020	3499031	AATGCCAGGCG
3509593	3509604	CGCCCCAGGTT
3529516	3529527	TGCGCCAGGGA
3531601	3531612	CTGTCCAGGGA
3532153	3532164	CTCTCCAGGGG
3536401	3536412	TTCACCAGGTA
3541421	3541432	TCGCCCAGGGC
3565109	3565120	CGGCCCAGGTG
3572956	3572967	CGCCCCAGGGA
3593791	3593802	CAAGCCAGGTC
3604475	3604486	TAGCCCAGGTC
3663183	3663194	ACTTCCAGGTT
3696599	3696610	CATCCCAGGCT
3704544	3704555	CCTGCCAGGCT
3709987	3709998	ACCGCCAGGCT
3717382	3717393	TTCACCAGGTG
3720967	3720978	GTAGCCAGGTG
3722673	3722684	GCATCCAGGGT
3733203	3733214	TCGCCCAGGGG
3770551	3770562	ATCGCCAGGTT
3787168	3787179	CCGCCCAGGAG
3817024	3817035	CAGCCCAGGAG
3822640	3822651	CCTACCAGGAT
3824773	3824784	AAGGCCAGGGC
3827799	3827810	ATCGCCAGGAA
3833987	3833998	GGTTCCAGGTC
3846946	3846957	AAACCCAGGCC
3847063	3847074	ACCACCAGGTA
3861601	3861612	AGTTCCAGGAC
3889024	3889035	CTCACCAGGGC
3905376	3905387	ACCGCCAGGAA
3908268	3908279	ATATCCAGGTT
3911130	3911141	TTGCCCAGGTA
3912592	3912603	CCAGCCAGGGT
3921875	3921886	AAAACCAGGAA
3923721	3923732	CTTACCAGGCA
3934000	3934011	CTTCCCAGGAA
3935654	3935665	GCGTCCAGGCG
3936617	3936628	ACCGCCAGGCA
3948684	3948695	CCAGCCAGGCA
3962255	3962266	TCACCCAGGTG
3968039	3968050	GTCACCAGGGA
4001253	4001264	TCATCCAGGAT
4005945	4005956	CCGGCCAGGAA
4014250	4014261	CCGCCCAGGAC
4017930	4017941	AAACCCAGGGC
4020628	4020639	TCGCCCAGGTT
4044951	4044962	AAAACCAGGCT
4049030	4049041	TCCGCCAGGCG
4061762	4061773	TTACCCAGGTC
4065014	4065025	GCCGCCAGGGT
4074369	4074380	TGACCCAGGGT
4085946	4085957	CCATCCAGGAA
4089462	4089473	CAAACCAGGGC
4094205	4094216	TCAGCCAGGCG
4117441	4117452	CCAGCCAGGCA
4137194	4137205	GTCGCCAGGAG
4146248	4146259	AGATCCAGGAT
4155206	4155217	TAGCCCAGGGG
4157912	4157923	GTTGCCAGGAA
4161343	4161354	TGCGCCAGGCG
4179257	4179268	TGGGCCAGGTT
4200704	4200715	AAGACCAGGGC
4242776	4242787	ACGGCCAGGGT
4243344	4243355	GATCCCAGGAG
4257098	4257109	ACACCCAGGGG
4268860	4268871	TTCTCCAGGTC
4271154	4271165	GGTCCCAGGTC
4276704	4276715	TCCGCCAGGCA
4288715	4288726	ATACCCAGGAC
4305522	4305533	CCGGCCAGGTG
4328059	4328070	CCGACCAGGTG
4328923	4328934	CGCGCCAGGAA
4338199	4338210	AAGGCCAGGCG
4338319	4338330	AAATCCAGGGA
4338336	4338347	GGTCCCAGGAT
4345148	4345159	CAGACCAGGAA
4350050	4350061	CGTCCCAGGGT
4355426	4355437	CCAGCCAGGCC
4355929	4355940	GCAGCCAGGCC
4362972	4362983	GTGGCCAGGAT
4364882	4364893	TCTGCCAGGTC
4366144	4366155	TCAACCAGGCC
4375345	4375356	CAAACCAGGCA
4402746	4402757	ACTTCCAGGCT
4404783	4404794	GCTACCAGGGC
4410595	4410606	TCTCCCAGGCG
4410622	4410633	AAACCCAGGGC
4418652	4418663	GCGGCCAGGTA
4422041	4422052	CTCACCAGGAA
4439102	4439113	TGTTCCAGGTT
4442342	4442353	CGTTCCAGGGG
4444308	4444319	GCAGCCAGGCG
4459087	4459098	TGGGCCAGGGC
4463169	4463180	CCTGCCAGGGT
4471536	4471547	AGTACCAGGCG
4483838	4483849	ATTTCCAGGTT
4494573	4494584	GCCGCCAGGCG
4505235	4505246	TATTCCAGGTA
4505891	4505902	TGGTCCAGGAT
4506176	4506187	TCATCCAGGAA
4513611	4513622	GCAGCCAGGCA
4529191	4529202	CTGACCAGGTC
4538092	4538103	TAAGCCAGGTT
4538140	4538151	CGTACCAGGGC
4539311	4539322	TATTCCAGGTA
4542292	4542303	GGACCCAGGAA
4545313	4545324	ACCGCCAGGGA
4557898	4557909	TTGCCCAGGTA
4559632	4559643	GTCCCCAGGCA
4560717	4560728	TGAGCCAGGAA
4562328	4562339	CCCGCCAGGAC
4562899	4562910	CCAACCAGGGT
4563739	4563750	CAGCCCAGGGA
4574652	4574663	GTTGCCAGGAC
4590386	4590397	AGCGCCAGGCC
4598944	4598955	TAAACCAGGTT
4601362	4601373	TCAGCCAGGCG
4603478	4603489	GTTGCCAGGAT
4603756	4603767	ATTCCCAGGCA
4611675	4611686	AAAGCCAGGCC
4611681	4611692	AGGCCCAGGCC
4619396	4619407	GCGACCAGGTA
4630403	4630414	AGACCCAGGAC
4630423	4630434	TGCCCCAGGGA
6914	6925	CACCCCAGGAA
12388	12399	GCTTCCAGGAC
22781	22792	CGACCCAGGTT
58484	58495	AGTTCCAGGCA
82084	82095	GTAGCCAGGCC
90703	90714	CCTTCCAGGCG
92085	92096	ACAGCCAGGCA
112124	112135	CAATCCAGGTT
140627	140638	ACACCCAGGCT
141056	141067	GCATCCAGGCG
141098	141109	AGTACCAGGAG
184459	184470	GATCCCAGGGT
191118	191129	GTTTCCAGGCG
230271	230282	TCGGCCAGGTA
237812	237823	TTTACCAGGAT
255006	255017	CCCGCCAGGAA
323569	323580	TCATCCAGGAT
384141	384152	AAAGCCAGGTA
428508	428519	TTGACCAGGCC
429133	429144	GTTGCCAGGCG
429154	429165	TATGCCAGGTA
440943	440954	TAAACCAGGAA
446617	446628	AACCCCAGGTC
449281	449292	TACCCCAGGTT
452866	452877	TAAGCCAGGCA
462290	462301	CCTTCCAGGTT
464657	464668	TAAGCCAGGTC
465036	465047	GCGCCCAGGTT
500621	500632	CAGTCCAGGCC
502180	502191	CCCGCCAGGAT
510693	510704	ACTGCCAGGGT
553528	553539	GCAGCCAGGGT
560006	560017	TTAACCAGGTA
573117	573128	AATGCCAGGTA
597185	597196	ATGCCCAGGCT
635491	635502	GCCGCCAGGAG
638978	638989	AAAACCAGGCA
639332	639343	TCATCCAGGCA
662347	662358	CCGACCAGGAG
666949	666960	TCCGCCAGGTC
674334	674345	TATACCAGGCC
675696	675707	ATGGCCAGGTT
704064	704075	TTGCCCAGGCG
709439	709450	TCTTCCAGGCT
741399	741410	ACCGCCAGGCC
742230	742241	ATCGCCAGGGA
776543	776554	AAAGCCAGGAA
787336	787347	GTTTCCAGGAT
805406	805417	GAAACCAGGCG
838497	838508	TAATCCAGGGA
852109	852120	CAGGCCAGGTT
881162	881173	GGAGCCAGGAG
902833	902844	TGTGCCAGGTC
908296	908307	CGCGCCAGGAA
912884	912895	GGGGCCAGGGA
914128	914139	CAGCCCAGGGA
942102	942113	TCAGCCAGGGA
945967	945978	TCGCCCAGGAA
1019493	1019504	ACACCCAGGCT
1021696	1021707	GCCGCCAGGAG
1023834	1023845	ACAGCCAGGCG
1023846	1023857	TGTTCCAGGTA
1024864	1024875	TCCGCCAGGCT
1086830	1086841	CCGACCAGGCA
1115426	1115437	CTAGCCAGGCG
1124826	1124837	CAGACCAGGCG
1134969	1134980	ACAGCCAGGGA
1162807	1162818	GCAGCCAGGCC
1233086	1233097	GCCACCAGGAG
1241019	1241030	ACGGCCAGGAT
1245569	1245580	CCCGCCAGGAC
1282493	1282504	GATCCCAGGTA
1291438	1291449	CAGTCCAGGAG
1329059	1329070	GTCACCAGGAT
1334230	1334241	TGCACCAGGGC
1376880	1376891	CAGGCCAGGTG
1376964	1376975	TTTCCCAGGCG
1421954	1421965	CCCGCCAGGCT
1422205	1422216	ATTACCAGGTG
1429885	1429896	AACGCCAGGTC
1441146	1441157	AGCGCCAGGTT
1445607	1445618	ATCTCCAGGCA
1478709	1478720	ATATCCAGGGC
1482726	1482737	GCAGCCAGGTC
1483220	1483231	TTGACCAGGCG
1509792	1509803	TTAGCCAGGCG
1598619	1598630	TAACCCAGGCG
1618873	1618884	AGCCCCAGGCC
1649563	1649574	GGCACCAGGCA
1682258	1682269	GCGACCAGGCC
1707018	1707029	TGCGCCAGGTA
1765555	1765566	ATATCCAGGAA
1769088	1769099	CAGCCCAGGGA
1781567	1781578	CATTCCAGGCT
1787706	1787717	TTTGCCAGGAT
1811093	1811104	ACAGCCAGGTA
1840376	1840387	ATCGCCAGGAT
1870167	1870178	GCGACCAGGAT
1923801	1923812	CAAACCAGGGT
1960852	1960863	GCTGCCAGGAA
1963694	1963705	CTCACCAGGTA
1993839	1993850	ACCGCCAGGCA
2024875	2024886	AGCGCCAGGCG
2056372	2056383	CCGGCCAGGCT
2081916	2081927	CGTTCCAGGTG
2150765	2150776	GCGGCCAGGCG
2182954	2182965	AGCGCCAGGCC
2236336	2236347	GTCACCAGGCG
2254196	2254207	ATAGCCAGGCC
2256696	2256707	CCCGCCAGGGA
2265868	2265879	CGCACCAGGCA
2267778	2267789	TTAGCCAGGAT
2274281	2274292	TCGACCAGGCC
2323213	2323224	AACTCCAGGAA
2326400	2326411	CCGCCCAGGCC
2327632	2327643	CGTACCAGGCG
2355063	2355074	TGCGCCAGGGT
2375760	2375771	TTACCCAGGCA
2385108	2385119	TTCGCCAGGAT
2391074	2391085	CCGACCAGGCC
2393368	2393379	GCAACCAGGCA
2393379	2393390	ATACCCAGGAA
2439503	2439514	CCCGCCAGGGC
2450124	2450135	GTAGCCAGGCT
2465430	2465441	TCCGCCAGGAT
2501134	2501145	AGCACCAGGCT
2524483	2524494	GCGACCAGGCT
2548630	2548641	ATTCCCAGGAT
2581046	2581057	CGCACCAGGCT
2622999	2623010	ATATCCAGGCA
2627846	2627857	CATGCCAGGGA
2658902	2658913	CAAACCAGGTT
2666233	2666244	TCGCCCAGGCG
2701403	2701414	ACATCCAGGCC
2721030	2721041	ACAGCCAGGAT
2744051	2744062	CCGCCCAGGGC
2744653	2744664	AGAGCCAGGTT
2760530	2760541	TTGGCCAGGAT
2776737	2776748	CCAGCCAGGCA
2782805	2782816	CAGACCAGGGG
2787627	2787638	GTGACCAGGTT
2817447	2817458	GTATCCAGGAT
2831707	2831718	CATGCCAGGGG
2863046	2863057	GTAACCAGGCT
2873159	2873170	AAGGCCAGGTG
2880996	2881007	GCCCCCAGGCT
2897059	2897070	GCAGCCAGGTA
2921670	2921681	GAAACCAGGCC
2921872	2921883	GCCACCAGGGA
2923326	2923337	TCCACCAGGCC
2927626	2927637	GTTGCCAGGCT
2950460	2950471	GGTTCCAGGAA
2953112	2953123	AAATCCAGGTC
2958444	2958455	TCGGCCAGGCG
2968000	2968011	GTCACCAGGAA
2984687	2984698	CGCTCCAGGCA
3005580	3005591	GTTTCCAGGAC
3055414	3055425	GTAACCAGGCA
3057487	3057498	ACTTCCAGGCC
3085778	3085789	CCCACCAGGCA
3087201	3087212	AAAGCCAGGTG
3111034	3111045	CCCGCCAGGTG
3136039	3136050	GTTCCCAGGTT
3150160	3150171	TAACCCAGGAA
3172726	3172737	GATGCCAGGCT
3178169	3178180	TGAGCCAGGCC
3180255	3180266	CCAGCCAGGCC
3192367	3192378	TTAGCCAGGCA
3201405	3201416	ATGCCCAGGTG
3221095	3221106	GGCACCAGGCT
3225450	3225461	ATACCCAGGAA
3233436	3233447	GATCCCAGGCG
3234838	3234849	TAATCCAGGTG
3252607	3252618	ACTGCCAGGCG
3252620	3252631	TACGCCAGGCG
3274087	3274098	GGAACCAGGTG
3274102	3274113	AGAACCAGGTG
3288141	3288152	TTGGCCAGGCG
3288826	3288837	ACCACCAGGGA
3306928	3306939	ACGTCCAGGCC
3333380	3333391	TTTTCCAGGCG
3335544	3335555	GCCACCAGGTT
3335643	3335654	ATATCCAGGCT
3341840	3341851	ACACCCAGGCG
3356252	3356263	TTGCCCAGGTG
3415466	3415477	TAACCCAGGCA
3443648	3443659	ATCACCAGGCC
3443662	3443673	CATACCAGGCA
3451804	3451815	GCAGCCAGGAA
3453870	3453881	GATACCAGGGT
3469429	3469440	CATACCAGGTC
3470736	3470747	GAATCCAGGAA
3478357	3478368	GTTTCCAGGCC
3483152	3483163	AAGCCCAGGAG
3514193	3514204	GCGCCCAGGTC
3518247	3518258	ACAGCCAGGCT
3519550	3519561	CGAACCAGGGA
3522207	3522218	CACGCCAGGCC
3565302	3565313	CCAGCCAGGCC
3565709	3565720	GAAACCAGGAA
3584846	3584857	TTAGCCAGGGC
3589194	3589205	TCGACCAGGCC
3599224	3599235	GAGTCCAGGCC
3608831	3608842	AAACCCAGGAA
3631066	3631077	TGCACCAGGGT
3659598	3659609	ACCGCCAGGCA
3678394	3678405	CCAGCCAGGCG
3708138	3708149	AATGCCAGGGC
3714540	3714551	ATGCCCAGGGC
3720530	3720541	TCATCCAGGTG
3720785	3720796	GAACCCAGGTC
3733493	3733504	CCCACCAGGGG
3743477	3743488	TCACCCAGGAC
3747199	3747210	GCAGCCAGGCT
3753509	3753520	AACACCAGGCT
3775878	3775889	ACCGCCAGGAA
3780841	3780852	CGGGCCAGGCG
3784957	3784968	CGATCCAGGCG
3787300	3787311	TCAACCAGGCG
3815190	3815201	TCTTCCAGGTA
3844009	3844020	AATACCAGGAA
3849742	3849753	AAAGCCAGGGC
3861300	3861311	GTTCCCAGGCG
3870940	3870951	GGAACCAGGTT
3877308	3877319	TCAGCCAGGTT
3902529	3902540	TGTACCAGGTG
3909457	3909468	TTAGCCAGGCG
3915036	3915047	TACACCAGGTG
3915744	3915755	GTTGCCAGGCT
3922217	3922228	ATGTCCAGGCC
3926956	3926967	GCTTCCAGGAT
3937367	3937378	TACTCCAGGCG
3941044	3941055	TCCACCAGGTA
3947282	3947293	GTAGCCAGGTG
3958433	3958444	ATGCCCAGGCA
3981520	3981531	CCTACCAGGGC
4002587	4002598	AACCCCAGGAC
4029527	4029538	TCGCCCAGGCG
4048089	4048100	CGAGCCAGGCG
4057743	4057754	GGTGCCAGGTT
4067985	4067996	CAGGCCAGGCG
4068777	4068788	CCTGCCAGGTG
4070672	4070683	GCCACCAGGAA
4074635	4074646	AATGCCAGGGT
4081286	4081297	TCGCCCAGGCG
4097291	4097302	CATCCCAGGTG
4107589	4107600	TGCGCCAGGCA
4114266	4114277	GTGACCAGGTA
4150209	4150220	CAACCCAGGGC
4172816	4172827	ACCCCCAGGCG
4189319	4189330	CGTTCCAGGAG
4230090	4230101	CCAGCCAGGCT
4233056	4233067	CTCGCCAGGTT
4238594	4238605	AGATCCAGGCG
4241089	4241100	GACCCCAGGAC
4297053	4297064	GCTGCCAGGCT
4307287	4307298	TCTCCCAGGGG
4313922	4313933	CGGCCCAGGCC
4332484	4332495	TCTACCAGGTT
4333804	4333815	ACCACCAGGCT
4338574	4338585	TGCGCCAGGGT
4338594	4338605	TCAGCCAGGCA
4353677	4353688	TTATCCAGGTC
4366213	4366224	GTGACCAGGAA
4382769	4382780	TGAGCCAGGCG
4390364	4390375	GCCTCCAGGCC
4418968	4418979	GCCGCCAGGCG
4431178	4431189	CTCGCCAGGCG
4473907	4473918	TGTGCCAGGCG
4492977	4492988	GATACCAGGAA
4532075	4532086	GAGCCCAGGCT
4562400	4562411	CTCGCCAGGGC
4566935	4566946	GCCACCAGGGA
4574842	4574853	GCGGCCAGGGC
4591610	4591621	CTTTCCAGGCC
4600875	4600886	TTTGCCAGGCC
4601200	4601211	GCCGCCAGGCG
4601464	4601475	TGTACCAGGGC
4611008	4611019	GCCTCCAGGGC
4631531	4631542	TTGCCCAGGCG
