6914	6925	CACCCCAGGAA
12388	12399	GCTTCCAGGAC
22781	22792	CGACCCAGGTT
58484	58495	AGTTCCAGGCA
82084	82095	GTAGCCAGGCC
90703	90714	CCTTCCAGGCG
92085	92096	ACAGCCAGGCA
112124	112135	CAATCCAGGTT
140627	140638	ACACCCAGGCT
141056	141067	GCATCCAGGCG
141098	141109	AGTACCAGGAG
184459	184470	GATCCCAGGGT
191118	191129	GTTTCCAGGCG
230271	230282	TCGGCCAGGTA
237812	237823	TTTACCAGGAT
255006	255017	CCCGCCAGGAA
323569	323580	TCATCCAGGAT
384141	384152	AAAGCCAGGTA
428508	428519	TTGACCAGGCC
429133	429144	GTTGCCAGGCG
429154	429165	TATGCCAGGTA
440943	440954	TAAACCAGGAA
446617	446628	AACCCCAGGTC
449281	449292	TACCCCAGGTT
452866	452877	TAAGCCAGGCA
462290	462301	CCTTCCAGGTT
464657	464668	TAAGCCAGGTC
465036	465047	GCGCCCAGGTT
500621	500632	CAGTCCAGGCC
502180	502191	CCCGCCAGGAT
510693	510704	ACTGCCAGGGT
553528	553539	GCAGCCAGGGT
560006	560017	TTAACCAGGTA
573117	573128	AATGCCAGGTA
597185	597196	ATGCCCAGGCT
635491	635502	GCCGCCAGGAG
638978	638989	AAAACCAGGCA
639332	639343	TCATCCAGGCA
662347	662358	CCGACCAGGAG
666949	666960	TCCGCCAGGTC
674334	674345	TATACCAGGCC
675696	675707	ATGGCCAGGTT
704064	704075	TTGCCCAGGCG
709439	709450	TCTTCCAGGCT
741399	741410	ACCGCCAGGCC
742230	742241	ATCGCCAGGGA
776543	776554	AAAGCCAGGAA
787336	787347	GTTTCCAGGAT
805406	805417	GAAACCAGGCG
838497	838508	TAATCCAGGGA
852109	852120	CAGGCCAGGTT
881162	881173	GGAGCCAGGAG
902833	902844	TGTGCCAGGTC
908296	908307	CGCGCCAGGAA
912884	912895	GGGGCCAGGGA
914128	914139	CAGCCCAGGGA
942102	942113	TCAGCCAGGGA
945967	945978	TCGCCCAGGAA
1019493	1019504	ACACCCAGGCT
1021696	1021707	GCCGCCAGGAG
1023834	1023845	ACAGCCAGGCG
1023846	1023857	TGTTCCAGGTA
1024864	1024875	TCCGCCAGGCT
1086830	1086841	CCGACCAGGCA
1115426	1115437	CTAGCCAGGCG
1124826	1124837	CAGACCAGGCG
1134969	1134980	ACAGCCAGGGA
1162807	1162818	GCAGCCAGGCC
1233086	1233097	GCCACCAGGAG
1241019	1241030	ACGGCCAGGAT
1245569	1245580	CCCGCCAGGAC
1282493	1282504	GATCCCAGGTA
1291438	1291449	CAGTCCAGGAG
1329059	1329070	GTCACCAGGAT
1334230	1334241	TGCACCAGGGC
1376880	1376891	CAGGCCAGGTG
1376964	1376975	TTTCCCAGGCG
1421954	1421965	CCCGCCAGGCT
1422205	1422216	ATTACCAGGTG
1429885	1429896	AACGCCAGGTC
1441146	1441157	AGCGCCAGGTT
1445607	1445618	ATCTCCAGGCA
1478709	1478720	ATATCCAGGGC
1482726	1482737	GCAGCCAGGTC
1483220	1483231	TTGACCAGGCG
1509792	1509803	TTAGCCAGGCG
1598619	1598630	TAACCCAGGCG
1618873	1618884	AGCCCCAGGCC
1649563	1649574	GGCACCAGGCA
1682258	1682269	GCGACCAGGCC
1707018	1707029	TGCGCCAGGTA
1765555	1765566	ATATCCAGGAA
1769088	1769099	CAGCCCAGGGA
1781567	1781578	CATTCCAGGCT
1787706	1787717	TTTGCCAGGAT
1811093	1811104	ACAGCCAGGTA
1840376	1840387	ATCGCCAGGAT
1870167	1870178	GCGACCAGGAT
1923801	1923812	CAAACCAGGGT
1960852	1960863	GCTGCCAGGAA
1963694	1963705	CTCACCAGGTA
1993839	1993850	ACCGCCAGGCA
2024875	2024886	AGCGCCAGGCG
2056372	2056383	CCGGCCAGGCT
2081916	2081927	CGTTCCAGGTG
2150765	2150776	GCGGCCAGGCG
2182954	2182965	AGCGCCAGGCC
2236336	2236347	GTCACCAGGCG
2254196	2254207	ATAGCCAGGCC
2256696	2256707	CCCGCCAGGGA
2265868	2265879	CGCACCAGGCA
2267778	2267789	TTAGCCAGGAT
2274281	2274292	TCGACCAGGCC
2323213	2323224	AACTCCAGGAA
2326400	2326411	CCGCCCAGGCC
2327632	2327643	CGTACCAGGCG
2355063	2355074	TGCGCCAGGGT
2375760	2375771	TTACCCAGGCA
2385108	2385119	TTCGCCAGGAT
2391074	2391085	CCGACCAGGCC
2393368	2393379	GCAACCAGGCA
2393379	2393390	ATACCCAGGAA
2439503	2439514	CCCGCCAGGGC
2450124	2450135	GTAGCCAGGCT
2465430	2465441	TCCGCCAGGAT
2501134	2501145	AGCACCAGGCT
2524483	2524494	GCGACCAGGCT
2548630	2548641	ATTCCCAGGAT
2581046	2581057	CGCACCAGGCT
2622999	2623010	ATATCCAGGCA
2627846	2627857	CATGCCAGGGA
2658902	2658913	CAAACCAGGTT
2666233	2666244	TCGCCCAGGCG
2701403	2701414	ACATCCAGGCC
2721030	2721041	ACAGCCAGGAT
2744051	2744062	CCGCCCAGGGC
2744653	2744664	AGAGCCAGGTT
2760530	2760541	TTGGCCAGGAT
2776737	2776748	CCAGCCAGGCA
2782805	2782816	CAGACCAGGGG
2787627	2787638	GTGACCAGGTT
2817447	2817458	GTATCCAGGAT
2831707	2831718	CATGCCAGGGG
2863046	2863057	GTAACCAGGCT
2873159	2873170	AAGGCCAGGTG
2880996	2881007	GCCCCCAGGCT
2897059	2897070	GCAGCCAGGTA
2921670	2921681	GAAACCAGGCC
2921872	2921883	GCCACCAGGGA
2923326	2923337	TCCACCAGGCC
2927626	2927637	GTTGCCAGGCT
2950460	2950471	GGTTCCAGGAA
2953112	2953123	AAATCCAGGTC
2958444	2958455	TCGGCCAGGCG
2968000	2968011	GTCACCAGGAA
2984687	2984698	CGCTCCAGGCA
3005580	3005591	GTTTCCAGGAC
3055414	3055425	GTAACCAGGCA
3057487	3057498	ACTTCCAGGCC
3085778	3085789	CCCACCAGGCA
3087201	3087212	AAAGCCAGGTG
3111034	3111045	CCCGCCAGGTG
3136039	3136050	GTTCCCAGGTT
3150160	3150171	TAACCCAGGAA
3172726	3172737	GATGCCAGGCT
3178169	3178180	TGAGCCAGGCC
3180255	3180266	CCAGCCAGGCC
3192367	3192378	TTAGCCAGGCA
3201405	3201416	ATGCCCAGGTG
3221095	3221106	GGCACCAGGCT
3225450	3225461	ATACCCAGGAA
3233436	3233447	GATCCCAGGCG
3234838	3234849	TAATCCAGGTG
3252607	3252618	ACTGCCAGGCG
3252620	3252631	TACGCCAGGCG
3274087	3274098	GGAACCAGGTG
3274102	3274113	AGAACCAGGTG
3288141	3288152	TTGGCCAGGCG
3288826	3288837	ACCACCAGGGA
3306928	3306939	ACGTCCAGGCC
3333380	3333391	TTTTCCAGGCG
3335544	3335555	GCCACCAGGTT
3335643	3335654	ATATCCAGGCT
3341840	3341851	ACACCCAGGCG
3356252	3356263	TTGCCCAGGTG
3415466	3415477	TAACCCAGGCA
3443648	3443659	ATCACCAGGCC
3443662	3443673	CATACCAGGCA
3451804	3451815	GCAGCCAGGAA
3453870	3453881	GATACCAGGGT
3469429	3469440	CATACCAGGTC
3470736	3470747	GAATCCAGGAA
3478357	3478368	GTTTCCAGGCC
3483152	3483163	AAGCCCAGGAG
3514193	3514204	GCGCCCAGGTC
3518247	3518258	ACAGCCAGGCT
3519550	3519561	CGAACCAGGGA
3522207	3522218	CACGCCAGGCC
3565302	3565313	CCAGCCAGGCC
3565709	3565720	GAAACCAGGAA
3584846	3584857	TTAGCCAGGGC
3589194	3589205	TCGACCAGGCC
3599224	3599235	GAGTCCAGGCC
3608831	3608842	AAACCCAGGAA
3631066	3631077	TGCACCAGGGT
3659598	3659609	ACCGCCAGGCA
3678394	3678405	CCAGCCAGGCG
3708138	3708149	AATGCCAGGGC
3714540	3714551	ATGCCCAGGGC
3720530	3720541	TCATCCAGGTG
3720785	3720796	GAACCCAGGTC
3733493	3733504	CCCACCAGGGG
3743477	3743488	TCACCCAGGAC
3747199	3747210	GCAGCCAGGCT
3753509	3753520	AACACCAGGCT
3775878	3775889	ACCGCCAGGAA
3780841	3780852	CGGGCCAGGCG
3784957	3784968	CGATCCAGGCG
3787300	3787311	TCAACCAGGCG
3815190	3815201	TCTTCCAGGTA
3844009	3844020	AATACCAGGAA
3849742	3849753	AAAGCCAGGGC
3861300	3861311	GTTCCCAGGCG
3870940	3870951	GGAACCAGGTT
3877308	3877319	TCAGCCAGGTT
3902529	3902540	TGTACCAGGTG
3909457	3909468	TTAGCCAGGCG
3915036	3915047	TACACCAGGTG
3915744	3915755	GTTGCCAGGCT
3922217	3922228	ATGTCCAGGCC
3926956	3926967	GCTTCCAGGAT
3937367	3937378	TACTCCAGGCG
3941044	3941055	TCCACCAGGTA
3947282	3947293	GTAGCCAGGTG
3958433	3958444	ATGCCCAGGCA
3981520	3981531	CCTACCAGGGC
4002587	4002598	AACCCCAGGAC
4029527	4029538	TCGCCCAGGCG
4048089	4048100	CGAGCCAGGCG
4057743	4057754	GGTGCCAGGTT
4067985	4067996	CAGGCCAGGCG
4068777	4068788	CCTGCCAGGTG
4070672	4070683	GCCACCAGGAA
4074635	4074646	AATGCCAGGGT
4081286	4081297	TCGCCCAGGCG
4097291	4097302	CATCCCAGGTG
4107589	4107600	TGCGCCAGGCA
4114266	4114277	GTGACCAGGTA
4150209	4150220	CAACCCAGGGC
4172816	4172827	ACCCCCAGGCG
4189319	4189330	CGTTCCAGGAG
4230090	4230101	CCAGCCAGGCT
4233056	4233067	CTCGCCAGGTT
4238594	4238605	AGATCCAGGCG
4241089	4241100	GACCCCAGGAC
4297053	4297064	GCTGCCAGGCT
4307287	4307298	TCTCCCAGGGG
4313922	4313933	CGGCCCAGGCC
4332484	4332495	TCTACCAGGTT
4333804	4333815	ACCACCAGGCT
4338574	4338585	TGCGCCAGGGT
4338594	4338605	TCAGCCAGGCA
4353677	4353688	TTATCCAGGTC
4366213	4366224	GTGACCAGGAA
4382769	4382780	TGAGCCAGGCG
4390364	4390375	GCCTCCAGGCC
4418968	4418979	GCCGCCAGGCG
4431178	4431189	CTCGCCAGGCG
4473907	4473918	TGTGCCAGGCG
4492977	4492988	GATACCAGGAA
4532075	4532086	GAGCCCAGGCT
4562400	4562411	CTCGCCAGGGC
4566935	4566946	GCCACCAGGGA
4574842	4574853	GCGGCCAGGGC
4591610	4591621	CTTTCCAGGCC
4600875	4600886	TTTGCCAGGCC
4601200	4601211	GCCGCCAGGCG
4601464	4601475	TGTACCAGGGC
4611008	4611019	GCCTCCAGGGC
4631531	4631542	TTGCCCAGGCG
