3941	3952	AAATCCTGGAA
9589	9600	GATGCCTGGCT
23791	23802	CGCACCTGGGG
28975	28986	TGTGCCTGGCA
44509	44520	GATGCCTGGCT
48846	48857	TGACCCTGGCG
52308	52319	ATCGCCTGGCC
52583	52594	AAGCCCTGGTA
56261	56272	CCCGCCTGGGA
85804	85815	ATGGCCTGGCG
103383	103394	CGATCCTGGCA
112135	112146	TCTACCTGGCT
112153	112164	TGCGCCTGGGG
127354	127365	GCGGCCTGGGT
157840	157851	GAAACCTGGAA
168010	168021	CAGTCCTGGCG
179804	179815	TTCGCCTGGTG
190216	190227	AAGACCTGGAA
202414	202425	CGTGCCTGGCG
229926	229937	ACCGCCTGGTT
241834	241845	GCGCCCTGGTA
255994	256005	GTCACCTGGGA
256238	256249	ATGACCTGGTG
280509	280520	CGTACCTGGGA
285087	285098	GGCACCTGGAA
317178	317189	ATACCCTGGGC
336655	336666	CATCCCTGGGA
344275	344286	GCTCCCTGGTT
344453	344464	TTTCCCTGGAT
356303	356314	ACAGCCTGGAT
380651	380662	CGCCCCTGGGA
389568	389579	CACGCCTGGCA
390603	390614	GCTGCCTGGCG
446636	446647	CTCACCTGGCG
447133	447144	GCCGCCTGGTA
453230	453241	GGTGCCTGGTT
458852	458863	ATTACCTGGCG
486429	486440	TTTTCCTGGAC
488791	488802	ATCGCCTGGCG
494377	494388	GCCGCCTGGCT
510111	510122	TGGGCCTGGCG
531937	531948	TTCACCTGGCG
543672	543683	TCGGCCTGGGC
568074	568085	GAATCCTGGTC
595717	595728	ACGGCCTGGTT
604637	604648	TCAACCTGGGA
636146	636157	CATGCCTGGCT
644751	644762	CAATCCTGGCC
656718	656729	ATCACCTGGCA
663493	663504	GCGTCCTGGCT
675876	675887	TAGTCCTGGTC
683594	683605	ATACCCTGGGT
696762	696773	GGTACCTGGAT
705609	705620	TCTGCCTGGAA
708540	708551	TCCACCTGGAA
709342	709353	GTCGCCTGGAT
710757	710768	AGTCCCTGGCA
714968	714979	GCACCCTGGCA
721191	721202	CACACCTGGTT
738142	738153	CAAGCCTGGAA
739971	739982	AATGCCTGGCT
794531	794542	GCTCCCTGGCT
806753	806764	TTTACCTGGCA
833102	833113	GCCGCCTGGTA
851248	851259	GGCACCTGGAA
876980	876991	GGAACCTGGTC
894474	894485	ACGACCTGGCA
908010	908021	GCCACCTGGCG
932298	932309	ATCCCCTGGTG
941677	941688	TAACCCTGGCG
954542	954553	CTCGCCTGGCT
963465	963476	CTACCCTGGTT
964384	964395	ATTGCCTGGGA
985059	985070	AAACCCTGGTA
989679	989690	TGTGCCTGGAA
1002243	1002254	CGACCCTGGCG
1017643	1017654	ATCTCCTGGAA
1022816	1022827	AGTGCCTGGGC
1028342	1028353	TGGGCCTGGCC
1059891	1059902	ACCTCCTGGCC
1067175	1067186	TCTTCCTGGCT
1072761	1072772	GCCGCCTGGCG
1120719	1120730	TTTACCTGGAA
1121278	1121289	GTTTCCTGGAG
1132889	1132900	GTAACCTGGTG
1164515	1164526	AAGCCCTGGCA
1165518	1165529	GTTGCCTGGTG
1180669	1180680	AGATCCTGGAA
1194854	1194865	TACGCCTGGTA
1221296	1221307	CTAACCTGGCA
1221427	1221438	AATGCCTGGCG
1226076	1226087	ACATCCTGGCC
1244914	1244925	GCTTCCTGGTG
1274089	1274100	GAGTCCTGGCT
1274206	1274217	CTCACCTGGAG
1279870	1279881	AATTCCTGGAC
1282611	1282622	ATTGCCTGGAA
1282893	1282904	CCGACCTGGTC
1289469	1289480	CTCTCCTGGCA
1304554	1304565	GCTTCCTGGGG
1308160	1308171	GCCACCTGGTC
1329756	1329767	AAGCCCTGGTG
1331648	1331659	TTCGCCTGGTG
1347092	1347103	TTTTCCTGGCT
1353335	1353346	GGTTCCTGGAA
1370101	1370112	TTTCCCTGGTA
1370891	1370902	TCCGCCTGGAT
1371865	1371876	CGCCCCTGGCA
1372337	1372348	AGCGCCTGGAT
1406970	1406981	TTGGCCTGGTT
1412268	1412279	ACACCCTGGGC
1421206	1421217	ATTACCTGGCT
1422892	1422903	TACACCTGGCG
1426347	1426358	TGCTCCTGGAG
1436207	1436218	TTAACCTGGTC
1440350	1440361	GCTTCCTGGAC
1454550	1454561	CTCACCTGGAA
1492575	1492586	CAGCCCTGGCT
1499030	1499041	AAAACCTGGTT
1514250	1514261	TATGCCTGGAC
1520347	1520358	AAAACCTGGCG
1533658	1533669	ACTCCCTGGTC
1547584	1547595	ATAGCCTGGGT
1569793	1569804	GCGCCCTGGGT
1587832	1587843	GTTCCCTGGCT
1609367	1609378	AGTTCCTGGGT
1661385	1661396	TCGCCCTGGCA
1662511	1662522	GATACCTGGGA
1666685	1666696	CAGTCCTGGGT
1667416	1667427	GTGCCCTGGTT
1690763	1690774	GAAGCCTGGCA
1707027	1707038	TACCCCTGGCG
1713080	1713091	GTTGCCTGGTC
1722150	1722161	TTGCCCTGGTT
1741742	1741753	CGTGCCTGGAT
1755355	1755366	TTTCCCTGGAA
1756145	1756156	GTGACCTGGGC
1760326	1760337	GTCGCCTGGGC
1769520	1769531	ACCACCTGGTT
1799214	1799225	GCCTCCTGGAT
1813436	1813447	CCTTCCTGGCG
1876305	1876316	CTTGCCTGGCA
1884241	1884252	CATACCTGGGC
1947122	1947133	CGCGCCTGGCC
1961247	1961258	AAGCCCTGGAA
1996140	1996151	GCAACCTGGGT
1997973	1997984	GGCACCTGGAT
2026553	2026564	CGCGCCTGGCA
2039684	2039695	GCCGCCTGGCA
2043698	2043709	CTTCCCTGGCA
2115582	2115593	GTCACCTGGCT
2116786	2116797	GCGACCTGGCC
2120526	2120537	GTCGCCTGGGT
2153334	2153345	TCCCCCTGGTG
2153352	2153363	TAAGCCTGGAA
2154451	2154462	GTGACCTGGCG
2197892	2197903	ATTCCCTGGCT
2199116	2199127	CGCGCCTGGCC
2250703	2250714	TTTGCCTGGCT
2252636	2252647	CGGGCCTGGTA
2274052	2274063	CTCGCCTGGTG
2286221	2286232	GCAGCCTGGTA
2313694	2313705	GTGACCTGGCA
2356445	2356456	ACACCCTGGAG
2360456	2360467	GCCCCCTGGAT
2366770	2366781	CCCGCCTGGCC
2366788	2366799	CACGCCTGGCA
2380404	2380415	TGTGCCTGGTC
2420711	2420722	TAGACCTGGGG
2427354	2427365	GCTTCCTGGGT
2451608	2451619	TCCACCTGGCA
2460152	2460163	ACTGCCTGGAA
2462251	2462262	ATAGCCTGGCT
2481271	2481282	GTTTCCTGGAG
2485208	2485219	GAAACCTGGCC
2486828	2486839	ATTACCTGGTT
2501181	2501192	GCGGCCTGGTG
2508955	2508966	TTCGCCTGGCA
2521700	2521711	GACACCTGGCC
2532733	2532744	CAAACCTGGTG
2589127	2589138	TTTGCCTGGTT
2591423	2591434	ACAACCTGGCG
2601604	2601615	GGAACCTGGTG
2644314	2644325	GGCCCCTGGAG
2668231	2668242	GCCACCTGGAC
2679152	2679163	TCACCCTGGGC
2686794	2686805	CACACCTGGTA
2708780	2708791	AATTCCTGGCA
2714245	2714256	TAAGCCTGGTA
2720123	2720134	TTGGCCTGGCC
2751542	2751553	ACGACCTGGAA
2754286	2754297	TTTACCTGGCA
2755801	2755812	CCTGCCTGGGG
2773052	2773063	GTGCCCTGGCT
2787034	2787045	AAAACCTGGCG
2790174	2790185	TTTGCCTGGCG
2842106	2842117	ACGGCCTGGGC
2856249	2856260	TCGCCCTGGAG
2883680	2883691	TTCGCCTGGTT
2886440	2886451	CGGTCCTGGAA
2922320	2922331	TAGCCCTGGAC
2927068	2927079	CTTCCCTGGCG
2934838	2934849	ACAGCCTGGTA
2938462	2938473	CGCGCCTGGCG
2942178	2942189	ACCGCCTGGAT
2947617	2947628	GCAGCCTGGTA
2979236	2979247	CGATCCTGGTA
3011506	3011517	ATGACCTGGCC
3017593	3017604	CCCGCCTGGAT
3022683	3022694	TGCGCCTGGGC
3056613	3056624	AGCGCCTGGGA
3058141	3058152	TCAACCTGGTT
3110233	3110244	GCCGCCTGGAC
3157138	3157149	CACGCCTGGAA
3159356	3159367	TGCACCTGGTC
3162336	3162347	CGGGCCTGGTA
3200528	3200539	TCCCCCTGGTC
3205074	3205085	GGAACCTGGTT
3213982	3213993	GATACCTGGTT
3214871	3214882	GCTTCCTGGAC
3225437	3225448	AGCGCCTGGCA
3227700	3227711	TCTTCCTGGAT
3228032	3228043	GTGGCCTGGAG
3229502	3229513	GCCACCTGGGA
3238169	3238180	CTACCCTGGTG
3243201	3243212	ACATCCTGGCG
3285162	3285173	CTTACCTGGCA
3292199	3292210	ACAACCTGGTC
3348473	3348484	GTCCCCTGGGC
3383764	3383775	TTCGCCTGGCT
3385001	3385012	CAGCCCTGGCG
3388941	3388952	TTCACCTGGGT
3399421	3399432	AGCACCTGGAT
3415891	3415902	CGGGCCTGGGG
3435920	3435931	ATGACCTGGCT
3443029	3443040	AATTCCTGGTA
3446186	3446197	CCAGCCTGGCG
3457594	3457605	CCTGCCTGGGA
3459437	3459448	CTTCCCTGGCA
3460042	3460053	TACCCCTGGAA
3465686	3465697	TATGCCTGGCA
3482285	3482296	TGAACCTGGTG
3492753	3492764	AACGCCTGGCT
3497492	3497503	TTTGCCTGGCA
3521538	3521549	GCATCCTGGCG
3530185	3530196	CCTGCCTGGAA
3536818	3536829	CGCCCCTGGTT
3536907	3536918	GTGACCTGGGC
3554912	3554923	AGTGCCTGGCA
3562193	3562204	TCCGCCTGGTC
3571163	3571174	GTGCCCTGGCA
3571185	3571196	TGTTCCTGGCC
3572482	3572493	GTGGCCTGGCA
3592835	3592846	AGCGCCTGGTT
3599212	3599223	GGCCCCTGGTC
3601532	3601543	GTCCCCTGGAA
3605870	3605881	CTGGCCTGGCA
3612014	3612025	GTCACCTGGTT
3613912	3613923	AAAACCTGGAC
3617327	3617338	CCTGCCTGGCG
3617726	3617737	GCAGCCTGGTT
3624428	3624439	CAAACCTGGAA
3634613	3634624	CCTCCCTGGAA
3648672	3648683	GCCACCTGGCA
3654322	3654333	ACAACCTGGCT
3654917	3654928	GCTGCCTGGGG
3660079	3660090	GCTGCCTGGCA
3663898	3663909	GGTACCTGGCG
3670922	3670933	GACACCTGGCG
3683061	3683072	ATGCCCTGGTC
3703624	3703635	AAATCCTGGCC
3705814	3705825	GCAGCCTGGAA
3714361	3714372	CGCTCCTGGGC
3725503	3725514	CTTCCCTGGAA
3733845	3733856	TTTACCTGGAC
3749532	3749543	TTCGCCTGGCG
3758269	3758280	GCCGCCTGGCG
3761251	3761262	GAAACCTGGCT
3770336	3770347	GCCACCTGGGC
3770467	3770478	ACCGCCTGGCA
3809960	3809971	TTACCCTGGAA
3828069	3828080	ACTTCCTGGTC
3855830	3855841	CCCGCCTGGTG
3863657	3863668	CAGGCCTGGAG
3870918	3870929	TTTTCCTGGGT
3905974	3905985	TCTTCCTGGTA
3908250	3908261	GTTACCTGGTT
3932042	3932053	TTCGCCTGGCG
3946218	3946229	ACATCCTGGAG
3946697	3946708	TTTGCCTGGCG
3950343	3950354	TTAGCCTGGTC
3951002	3951013	TCGTCCTGGTC
3958197	3958208	GCGTCCTGGCG
3959293	3959304	GCGACCTGGGT
3959508	3959519	TTCTCCTGGAG
3960725	3960736	CCTGCCTGGTG
3974261	3974272	TTTGCCTGGCT
3982530	3982541	GAGCCCTGGAT
3989017	3989028	CCTCCCTGGTC
3994852	3994863	GTCGCCTGGCT
4011181	4011192	TTGGCCTGGCG
4012577	4012588	AGGGCCTGGCT
4021516	4021527	CTTTCCTGGAG
4031937	4031948	CGTACCTGGTC
4042110	4042121	CCAGCCTGGCA
4043670	4043681	GTGACCTGGGC
4050582	4050593	GCGCCCTGGGG
4147808	4147819	AGTGCCTGGCT
4150537	4150548	TCTGCCTGGCG
4154961	4154972	TTAACCTGGCA
4156714	4156725	GCCTCCTGGCG
4158244	4158255	TGAGCCTGGCT
4166129	4166140	ACGGCCTGGTT
4190884	4190895	GCCACCTGGCT
4194788	4194799	GTGGCCTGGGC
4205287	4205298	TGATCCTGGCT
4216140	4216151	GCGGCCTGGTG
4228586	4228597	GTTGCCTGGTC
4246813	4246824	AAAGCCTGGGG
4249609	4249620	CGCGCCTGGAA
4261055	4261066	AGTACCTGGGA
4278514	4278525	GACGCCTGGTT
4291769	4291780	TCCGCCTGGAG
4303900	4303911	ACTGCCTGGTT
4308191	4308202	AACGCCTGGCC
4313448	4313459	GGAACCTGGTC
4329847	4329858	GTTGCCTGGGC
4345229	4345240	AGCCCCTGGAA
4363417	4363428	TGCTCCTGGCC
4395627	4395638	TAGACCTGGGC
4411105	4411116	CTCGCCTGGAT
4413336	4413347	TTTGCCTGGTG
4417486	4417497	ACCACCTGGAA
4426144	4426155	GTAGCCTGGGT
4428835	4428846	TTTCCCTGGGA
4454046	4454057	AATCCCTGGCG
4467689	4467700	ATTGCCTGGCG
4504778	4504789	CCTACCTGGCA
4530716	4530727	TCAACCTGGAT
4540215	4540226	GTTTCCTGGTT
4546844	4546855	AACGCCTGGCA
4548476	4548487	TCGGCCTGGCA
4558101	4558112	GTTACCTGGCG
4568896	4568907	ATAGCCTGGAA
4575167	4575178	ACAGCCTGGAA
4575646	4575657	GATGCCTGGAT
4578162	4578173	ATTTCCTGGTT
4591282	4591293	AAAACCTGGCA
4599989	4600000	AAGGCCTGGTT
4625995	4626006	CATGCCTGGAA
4630928	4630939	CCTACCTGGAA
4634693	4634704	TGATCCTGGGC
4639772	4639783	TTTGCCTGGGT
