323569	323580	TCATCCAGGAT
429133	429144	GTTGCCAGGCG
452866	452877	TAAGCCAGGCA
465036	465047	GCGCCCAGGTT
635491	635502	GCCGCCAGGAG
704064	704075	TTGCCCAGGCG
852109	852120	CAGGCCAGGTT
908296	908307	CGCGCCAGGAA
914128	914139	CAGCCCAGGGA
1021696	1021707	GCCGCCAGGAG
1023834	1023845	ACAGCCAGGCG
1162807	1162818	GCAGCCAGGCC
1245569	1245580	CCCGCCAGGAC
1441146	1441157	AGCGCCAGGTT
1649563	1649574	GGCACCAGGCA
1682258	1682269	GCGACCAGGCC
1707018	1707029	TGCGCCAGGTA
1769088	1769099	CAGCCCAGGGA
1811093	1811104	ACAGCCAGGTA
1993839	1993850	ACCGCCAGGCA
2182954	2182965	AGCGCCAGGCC
2385108	2385119	TTCGCCAGGAT
2450124	2450135	GTAGCCAGGCT
2465430	2465441	TCCGCCAGGAT
2721030	2721041	ACAGCCAGGAT
2744051	2744062	CCGCCCAGGGC
2776737	2776748	CCAGCCAGGCA
2787627	2787638	GTGACCAGGTT
2897059	2897070	GCAGCCAGGTA
3111034	3111045	CCCGCCAGGTG
3180255	3180266	CCAGCCAGGCC
3221095	3221106	GGCACCAGGCT
3274087	3274098	GGAACCAGGTG
3288826	3288837	ACCACCAGGGA
3519550	3519561	CGAACCAGGGA
3565302	3565313	CCAGCCAGGCC
3659598	3659609	ACCGCCAGGCA
3743477	3743488	TCACCCAGGAC
3775878	3775889	ACCGCCAGGAA
3870940	3870951	GGAACCAGGTT
3915036	3915047	TACACCAGGTG
3947282	3947293	GTAGCCAGGTG
4068777	4068788	CCTGCCAGGTG
4070672	4070683	GCCACCAGGAA
4230090	4230101	CCAGCCAGGCT
4233056	4233067	CTCGCCAGGTT
4238594	4238605	AGATCCAGGCG
4333804	4333815	ACCACCAGGCT
4418968	4418979	GCCGCCAGGCG
4601200	4601211	GCCGCCAGGCG
4631531	4631542	TTGCCCAGGCG
