7180	7191	ATCGCCTGGCT
8402	8413	GTCGCCTGGGC
12739	12750	ATGACCTGGGT
17552	17563	CTATCCTGGCG
19298	19309	GATTCCTGGGC
24776	24787	TTGGCCTGGCA
32197	32208	GGTTCCTGGTA
49903	49914	CTCGCCTGGTT
58221	58232	CCGCCCTGGCG
91503	91514	TTCTCCTGGCG
92100	92111	ACAACCTGGCG
97821	97832	GAAACCTGGCT
103070	103081	ACAGCCTGGTG
107172	107183	TGTGCCTGGGC
121407	121418	AATCCCTGGCC
122404	122415	ACGCCCTGGAA
125246	125257	AGATCCTGGCG
126839	126850	TATCCCTGGCA
131810	131821	GCTTCCTGGCT
134851	134862	ATTTCCTGGCG
149724	149735	GTTACCTGGAA
159528	159539	ACGCCCTGGAA
162384	162395	CCCGCCTGGAA
166886	166897	ATCACCTGGGT
172619	172630	ATGCCCTGGCG
181970	181981	TGACCCTGGGC
184140	184151	TTGGCCTGGCC
190872	190883	CATCCCTGGTA
199726	199737	CATTCCTGGAT
204179	204190	CAGCCCTGGAG
204898	204909	CTATCCTGGCG
222601	222612	GTGCCCTGGTG
224749	224760	CTTACCTGGTC
229842	229853	AAAACCTGGAA
231694	231705	AATGCCTGGAG
243447	243458	AAGTCCTGGTC
252822	252833	TCCGCCTGGGC
253297	253308	TTGCCCTGGAT
256953	256964	ATGACCTGGCC
313528	313539	GTGACCTGGGA
315094	315105	CCCGCCTGGCC
318977	318988	CAACCCTGGAC
322019	322030	GTAGCCTGGCC
322983	322994	TATGCCTGGTG
324565	324576	ATATCCTGGTA
333299	333310	TAAGCCTGGTC
336276	336287	AGCACCTGGGG
361410	361421	GACGCCTGGAT
374158	374169	AATGCCTGGCA
382699	382710	ATTACCTGGTC
385717	385728	GCTGCCTGGCA
389005	389016	GCGCCCTGGGC
390340	390351	GATACCTGGAC
391186	391197	AGCACCTGGAA
398171	398182	ATCGCCTGGCA
398860	398871	GTTGCCTGGCA
400677	400688	TTTACCTGGCA
410774	410785	TCCGCCTGGTT
417952	417963	TCATCCTGGGT
432732	432743	ATCTCCTGGTT
436750	436761	TTGCCCTGGCA
453694	453705	GAGGCCTGGAA
455576	455587	GCGACCTGGAA
463970	463981	TGTCCCTGGCC
478757	478768	TACGCCTGGTA
491019	491030	CACGCCTGGTT
495899	495910	CTGACCTGGAG
503655	503666	ACGTCCTGGAA
513650	513661	GCTACCTGGCG
516224	516235	TTTCCCTGGCA
520759	520770	TCCCCCTGGCC
522630	522641	CCGGCCTGGTG
531570	531581	TTGCCCTGGCA
531898	531909	ACGGCCTGGGG
547975	547986	AGCGCCTGGCA
552863	552874	CATGCCTGGCA
557096	557107	AAAGCCTGGCT
559732	559743	TATACCTGGTG
562284	562295	ACATCCTGGCT
566008	566019	CTCACCTGGAC
572834	572845	GAAGCCTGGGC
583883	583894	GCTGCCTGGCA
598326	598337	GCTACCTGGCG
601099	601110	TCACCCTGGCA
606367	606378	ACGACCTGGCG
607282	607293	GAGTCCTGGCT
607761	607772	CAACCCTGGGG
628512	628523	GACGCCTGGTG
642491	642502	CGTTCCTGGTG
663361	663372	AATGCCTGGCC
663703	663714	ATTGCCTGGCC
669040	669051	TCCCCCTGGGT
669377	669388	CACCCCTGGTC
682723	682734	TGGTCCTGGCG
698620	698631	CCGTCCTGGCT
699188	699199	TTAACCTGGTA
699685	699696	CCTGCCTGGAA
703665	703676	GTAACCTGGAT
706750	706761	ATGCCCTGGAA
713933	713944	CCATCCTGGTT
718951	718962	AATACCTGGGG
746704	746715	GTGCCCTGGCT
751147	751158	TGTCCCTGGCG
759364	759375	ATTCCCTGGCG
760295	760306	TTCACCTGGTC
762623	762634	TGTACCTGGCG
764589	764600	CCAGCCTGGTC
768910	768921	CTGGCCTGGAC
769398	769409	TCAGCCTGGCA
779654	779665	GCCCCCTGGGC
780334	780345	ATACCCTGGTA
795954	795965	TTTGCCTGGTT
801998	802009	TTTACCTGGCG
802819	802830	GTTACCTGGGA
803252	803263	CCTTCCTGGTG
806559	806570	TGTACCTGGTC
809674	809685	CGTACCTGGAA
820900	820911	CTAGCCTGGGG
836521	836532	CGCTCCTGGAG
852626	852637	TTACCCTGGCG
857361	857372	ACCACCTGGAT
881557	881568	TTGACCTGGGG
911955	911966	CACGCCTGGCG
915451	915462	CCGCCCTGGAA
921852	921863	TTTACCTGGAA
926980	926991	GTTCCCTGGGC
932611	932622	GCGCCCTGGCA
935816	935827	CTCGCCTGGTG
937456	937467	GCCGCCTGGAT
944710	944721	ATGTCCTGGCG
962427	962438	TGCACCTGGAA
962895	962906	AAGGCCTGGTA
965129	965140	TATGCCTGGTT
965726	965737	AACGCCTGGCG
965897	965908	CTGGCCTGGCC
971534	971545	AGTTCCTGGCA
978316	978327	CCAGCCTGGCG
978489	978500	AACACCTGGAA
978990	979001	ACAGCCTGGCG
981150	981161	AATCCCTGGCG
988947	988958	CGGCCCTGGAG
1002678	1002689	ACGTCCTGGCG
1004591	1004602	GTCGCCTGGCG
1013607	1013618	GCGGCCTGGGA
1023287	1023298	GGTGCCTGGCT
1026193	1026204	CCAGCCTGGAA
1028336	1028347	CTCGCCTGGGC
1040793	1040804	CCAACCTGGCC
1051028	1051039	TAATCCTGGTA
1079373	1079384	ATCGCCTGGCG
1085632	1085643	CTTACCTGGAG
1090987	1090998	ATTTCCTGGTG
1103991	1104002	TGCGCCTGGGA
1106772	1106783	TGACCCTGGTG
1110834	1110845	GAAACCTGGAG
1126733	1126744	AAGCCCTGGAA
1146380	1146391	CATACCTGGTC
1147630	1147641	TAACCCTGGCG
1151327	1151338	CATTCCTGGCA
1151920	1151931	CCTCCCTGGAG
1154600	1154611	GACACCTGGAT
1155239	1155250	GGAACCTGGCG
1158337	1158348	CTGGCCTGGCT
1164051	1164062	GACACCTGGCG
1169666	1169677	GGTGCCTGGGG
1169676	1169687	GTGACCTGGCT
1196053	1196064	ACGCCCTGGCA
1212397	1212408	TGTTCCTGGCT
1218795	1218806	TCGACCTGGTC
1219297	1219308	CAACCCTGGTG
1233806	1233817	ATCGCCTGGAC
1238078	1238089	GCCGCCTGGCG
1268687	1268698	ACAACCTGGTT
1272908	1272919	CCAACCTGGTG
1280613	1280624	ATCGCCTGGGG
1305715	1305726	TACGCCTGGCC
1311051	1311062	GAGACCTGGTT
1311112	1311123	TTCCCCTGGCC
1313707	1313718	GTACCCTGGTT
1325511	1325522	TGTTCCTGGTT
1331301	1331312	GTTGCCTGGTA
1333382	1333393	TGTTCCTGGCT
1346904	1346915	TCTGCCTGGAT
1361316	1361327	TCTTCCTGGTA
1372955	1372966	GCCACCTGGAA
1397551	1397562	ATAGCCTGGTC
1402500	1402511	TGCGCCTGGAC
1420960	1420971	ATACCCTGGAA
1443452	1443463	TCTCCCTGGCA
1444391	1444402	GCCACCTGGGA
1444913	1444924	AGTGCCTGGAT
1444979	1444990	GGAGCCTGGCA
1456617	1456628	TCTGCCTGGCG
1459011	1459022	CGTTCCTGGCT
1465744	1465755	AACTCCTGGCG
1474902	1474913	CGAGCCTGGGT
1495934	1495945	TTTTCCTGGAT
1500982	1500993	CACGCCTGGAC
1525873	1525884	TGCACCTGGCG
1545674	1545685	TCATCCTGGGA
1555172	1555183	ATGCCCTGGTC
1577356	1577367	TCTCCCTGGTT
1578572	1578583	AACTCCTGGCG
1605386	1605397	CTGACCTGGGA
1613255	1613266	TACTCCTGGAC
1621521	1621532	GTATCCTGGCG
1639824	1639835	TTGACCTGGTC
1647401	1647412	TATCCCTGGTG
1649553	1649564	GTCACCTGGAG
1650265	1650276	TAAACCTGGCA
1654398	1654409	CATTCCTGGTT
1661419	1661430	ATTGCCTGGGT
1678442	1678453	CCCTCCTGGCG
1680478	1680489	CGTTCCTGGCC
1682417	1682428	ACATCCTGGCA
1682615	1682626	TCACCCTGGCT
1684536	1684547	TCTGCCTGGCG
1689297	1689308	GAACCCTGGCG
1726996	1727007	GCAACCTGGCG
1748491	1748502	TTTCCCTGGGC
1748606	1748617	TTGCCCTGGTT
1756173	1756184	CCTGCCTGGCG
1761309	1761320	ACGCCCTGGGT
1771113	1771124	ATTACCTGGTG
1773931	1773942	CTTTCCTGGAG
1775244	1775255	CGACCCTGGAG
1776529	1776540	TTGGCCTGGTC
1777040	1777051	CGCCCCTGGCG
1777553	1777564	ATGCCCTGGCG
1781482	1781493	ATGTCCTGGTG
1802223	1802234	TCTTCCTGGGT
1809479	1809490	CAAGCCTGGGG
1810619	1810630	CTATCCTGGTT
1812913	1812924	CGCTCCTGGCT
1842836	1842847	GCCACCTGGGC
1843508	1843519	CGGGCCTGGAA
1849597	1849608	ATTCCCTGGCG
1865037	1865048	CCGGCCTGGGC
1899249	1899260	TGGGCCTGGCG
1916500	1916511	TTTGCCTGGGG
1920599	1920610	CGCGCCTGGCT
1925053	1925064	CCATCCTGGCT
1930076	1930087	CTGACCTGGTA
1935796	1935807	TAAACCTGGCA
1936285	1936296	CAGGCCTGGGC
1942674	1942685	TTTCCCTGGAA
1942741	1942752	TAAACCTGGAA
1942936	1942947	ACGCCCTGGTA
1947308	1947319	CCTACCTGGCG
1952628	1952639	ATGCCCTGGGA
2001178	2001189	TCTTCCTGGTA
2005776	2005787	TACGCCTGGCA
2006875	2006886	CCAGCCTGGTT
2026138	2026149	TTGGCCTGGGC
2036283	2036294	TGTTCCTGGTG
2037257	2037268	CTGCCCTGGCA
2038779	2038790	CATTCCTGGGT
2072577	2072588	GACGCCTGGAT
2075691	2075702	GTTGCCTGGAC
2096183	2096194	CTCGCCTGGCC
2099937	2099948	TGTGCCTGGAT
2110273	2110284	AATCCCTGGCG
2133302	2133313	TAGTCCTGGCG
2143314	2143325	TTCACCTGGTC
2144312	2144323	CTGACCTGGCC
2145405	2145416	ATGCCCTGGTG
2168825	2168836	GTCACCTGGGA
2178635	2178646	TAATCCTGGTC
2185799	2185810	AACACCTGGTT
2226193	2226204	TTTGCCTGGGC
2226384	2226395	TTGCCCTGGAT
2239065	2239076	TTACCCTGGAA
2251162	2251173	CCACCCTGGCA
2274264	2274275	TGCGCCTGGCG
2274791	2274802	GCGGCCTGGTT
2290582	2290593	TGATCCTGGCT
2303223	2303234	AGGCCCTGGTG
2303952	2303963	TCCGCCTGGGC
2314919	2314930	AGTCCCTGGCG
2317536	2317547	CTCCCCTGGCG
2323891	2323902	CCGACCTGGCG
2324057	2324068	CACCCCTGGTG
2326919	2326930	CCCCCCTGGCT
2334570	2334581	ATGTCCTGGCC
2334822	2334833	GGCCCCTGGCG
2341038	2341049	TCGCCCTGGTT
2353934	2353945	GTAGCCTGGTA
2366167	2366178	CTGACCTGGGT
2373018	2373029	TTGGCCTGGAT
2388364	2388375	GCAACCTGGAT
2389832	2389843	TATGCCTGGAT
2406400	2406411	TTTTCCTGGCG
2406720	2406731	CCTCCCTGGCA
2407482	2407493	CCGTCCTGGGG
2414238	2414249	ACACCCTGGGC
2421897	2421908	TCAACCTGGCC
2422254	2422265	TTGGCCTGGGC
2426351	2426362	GTCTCCTGGGT
2465954	2465965	ATGACCTGGCT
2469925	2469936	GATGCCTGGGG
2475753	2475764	TACACCTGGGG
2481546	2481557	CAGTCCTGGTA
2485797	2485808	TATTCCTGGCG
2500407	2500418	AATTCCTGGCA
2510557	2510568	CCGCCCTGGTC
2513897	2513908	GCATCCTGGGC
2518555	2518566	AAAACCTGGCG
2525975	2525986	TTGCCCTGGTC
2531935	2531946	CATCCCTGGTA
2533452	2533463	CCCTCCTGGCA
2538681	2538692	GCCCCCTGGCT
2541158	2541169	CTGCCCTGGCT
2587661	2587672	GTACCCTGGCG
2592075	2592086	ACTGCCTGGTT
2594677	2594688	TTGCCCTGGTG
2601303	2601314	CGCGCCTGGCC
2601309	2601320	TGGCCCTGGCG
2621045	2621056	TTACCCTGGCA
2621073	2621084	CGCGCCTGGGG
2664521	2664532	GATCCCTGGTC
2666884	2666895	CTACCCTGGCG
2669538	2669549	ATTGCCTGGTA
2673857	2673868	TTCCCCTGGTG
2683628	2683639	GCTGCCTGGAA
2694905	2694916	TTCGCCTGGGC
2695990	2696001	TTGGCCTGGAT
2704779	2704790	CACGCCTGGCC
2720096	2720107	CCAGCCTGGAA
2742533	2742544	AAAACCTGGCA
2744541	2744552	TTATCCTGGGT
2751446	2751457	TTACCCTGGTG
2752998	2753009	ATCACCTGGGC
2753814	2753825	AATACCTGGTT
2761263	2761274	CCGTCCTGGTA
2761542	2761553	GACACCTGGTG
2765514	2765525	ATTTCCTGGTT
2798325	2798336	TTTTCCTGGCG
2803627	2803638	CCTGCCTGGCA
2807917	2807928	AAAGCCTGGGC
2817714	2817725	CCTTCCTGGTG
2833082	2833093	GCCGCCTGGTA
2854932	2854943	CCCGCCTGGAT
2859640	2859651	AGAGCCTGGTG
2859960	2859971	CAACCCTGGTT
2861519	2861530	TCTACCTGGGG
2863013	2863024	TTGGCCTGGCC
2875457	2875468	CCCGCCTGGTC
2876608	2876619	CTGCCCTGGCG
2882807	2882818	TCAGCCTGGGA
2909513	2909524	AGTACCTGGAT
2920519	2920530	ACTTCCTGGCC
2928273	2928284	AGTGCCTGGCG
2934988	2934999	CTCGCCTGGCG
2936174	2936185	GAATCCTGGCT
2937071	2937082	TCAACCTGGCC
2937275	2937286	TCTGCCTGGGC
2961460	2961471	AGCTCCTGGCT
2970446	2970457	AACGCCTGGCT
2975940	2975951	AGTGCCTGGGT
2994311	2994322	AATGCCTGGGG
3025684	3025695	CCTCCCTGGTG
3026904	3026915	TTTACCTGGCA
3032711	3032722	CTGACCTGGTG
3038379	3038390	AGCCCCTGGCG
3043934	3043945	ATTGCCTGGAC
3065035	3065046	GTTTCCTGGCG
3088368	3088379	TTGGCCTGGAT
3090604	3090615	CCCGCCTGGCA
3103470	3103481	CTGGCCTGGGA
3110242	3110253	ACCGCCTGGTT
3177915	3177926	ATGTCCTGGCA
3180660	3180671	CACACCTGGAG
3189061	3189072	ATTCCCTGGGG
3189163	3189174	AATTCCTGGAG
3189635	3189646	TTCGCCTGGCA
3189943	3189954	ATTGCCTGGGG
3201545	3201556	AACACCTGGAA
3206932	3206943	GCTACCTGGCC
3222016	3222027	TGAGCCTGGCA
3226644	3226655	TCCACCTGGGT
3228388	3228399	AAAGCCTGGCT
3228571	3228582	CGCGCCTGGCA
3230011	3230022	CCAGCCTGGCG
3230138	3230149	GCCGCCTGGTC
3231179	3231190	TTCTCCTGGAG
3231293	3231304	TCCTCCTGGCC
3234043	3234054	AGCGCCTGGGT
3248376	3248387	TTGGCCTGGCA
3249357	3249368	CTCACCTGGAG
3253141	3253152	GGTGCCTGGGC
3275912	3275923	TTGGCCTGGGT
3277138	3277149	TCTGCCTGGTG
3283548	3283559	GCCGCCTGGGC
3284609	3284620	CGTCCCTGGCG
3286420	3286431	TTTGCCTGGCG
3289458	3289469	GGCCCCTGGCG
3292345	3292356	CGCGCCTGGCC
3298327	3298338	GTTACCTGGTA
3319858	3319869	GTAACCTGGAT
3324713	3324724	CGCCCCTGGGC
3325108	3325119	AGCGCCTGGTT
3341507	3341518	CCATCCTGGTG
3346665	3346676	GCGCCCTGGAA
3347361	3347372	TGTTCCTGGAT
3353835	3353846	TTCGCCTGGTG
3379849	3379860	TCGTCCTGGGG
3381440	3381451	TGCGCCTGGCG
3404691	3404702	TTTGCCTGGGC
3413238	3413249	TGTTCCTGGAT
3416083	3416094	TGTTCCTGGTG
3420190	3420201	CGCGCCTGGTT
3422760	3422771	GTACCCTGGCA
3435862	3435873	GCTACCTGGTT
3437955	3437966	CATTCCTGGCA
3465007	3465018	CAGTCCTGGCT
3481359	3481370	CAACCCTGGGC
3485212	3485223	TTCCCCTGGCT
3492919	3492930	CATTCCTGGTA
3505882	3505893	CAGTCCTGGCG
3530173	3530184	ATACCCTGGCG
3533114	3533125	GAAACCTGGCA
3533133	3533144	AAGGCCTGGTG
3536489	3536500	CGAACCTGGAA
3541427	3541438	AGGGCCTGGGT
3559804	3559815	AATACCTGGCG
3579082	3579093	ACCACCTGGAT
3596709	3596720	ATGCCCTGGTT
3598246	3598257	CAATCCTGGCG
3600067	3600078	ATGTCCTGGCT
3604726	3604737	CATTCCTGGCG
3613753	3613764	ACCGCCTGGCC
3635747	3635758	TTTTCCTGGCA
3637960	3637971	GGAACCTGGGT
3638941	3638952	TCGGCCTGGCG
3654354	3654365	ACTTCCTGGAA
3658864	3658875	TCACCCTGGGT
3671813	3671824	CACTCCTGGAA
3673779	3673790	TCGGCCTGGCG
3681956	3681967	CTATCCTGGTA
3698945	3698956	CTTTCCTGGTC
3699923	3699934	GCGGCCTGGTC
3710007	3710018	CTGCCCTGGGG
3712070	3712081	TATGCCTGGGG
3732468	3732479	TGGCCCTGGTG
3732504	3732515	TCTTCCTGGGT
3734088	3734099	GGTGCCTGGAA
3750418	3750429	CCCGCCTGGGG
3752855	3752866	CAGCCCTGGCG
3773133	3773144	CTATCCTGGGC
3776306	3776317	AACGCCTGGCT
3777924	3777935	CAATCCTGGTT
3786190	3786201	CTTCCCTGGTT
3788683	3788694	TTGACCTGGCG
3794104	3794115	TGAACCTGGTG
3822154	3822165	TTGACCTGGTA
3835375	3835386	CCGCCCTGGAA
3837408	3837419	CTTGCCTGGGT
3841590	3841601	AAATCCTGGGC
3844353	3844364	TTCGCCTGGTT
3858357	3858368	GTGGCCTGGGT
3860921	3860932	GAAGCCTGGTT
3867219	3867230	TTATCCTGGGC
3875082	3875093	CGAGCCTGGCA
3890340	3890351	GGTGCCTGGTT
3892443	3892454	TATTCCTGGCG
3900616	3900627	TCAGCCTGGGC
3919008	3919019	ACGTCCTGGCG
3936296	3936307	CTACCCTGGTT
3938248	3938259	CCCGCCTGGCG
3950896	3950907	ATGTCCTGGGA
3952158	3952169	GCCGCCTGGCG
3953222	3953233	TGTACCTGGCG
3966076	3966087	CTAACCTGGCG
3967764	3967775	AATTCCTGGAA
3969268	3969279	GTAACCTGGAT
3972184	3972195	ATTGCCTGGCG
3976661	3976672	ATCGCCTGGGG
3991489	3991500	CTGACCTGGAT
3991515	3991526	CAATCCTGGCT
3991651	3991662	GCAGCCTGGGG
3994867	3994878	GGCACCTGGGG
4002297	4002308	CTACCCTGGCG
4007298	4007309	TCGGCCTGGTG
4008993	4009004	AGAGCCTGGCG
4012598	4012609	AGTACCTGGTT
4021091	4021102	GCACCCTGGCA
4021830	4021841	ATCGCCTGGTT
4023045	4023056	GTCGCCTGGTG
4044745	4044756	CTAACCTGGAT
4058461	4058472	CCACCCTGGTA
4061807	4061818	GTGGCCTGGGT
4061879	4061890	TCTGCCTGGGT
4061915	4061926	ATGGCCTGGAA
4062714	4062725	TTTACCTGGTT
4066394	4066405	TAGACCTGGAT
4079896	4079907	TGTTCCTGGCA
4090173	4090184	GGCCCCTGGCC
4092088	4092099	AACGCCTGGGA
4102218	4102229	CGTTCCTGGTG
4108149	4108160	AAGACCTGGTA
4109457	4109468	ATTGCCTGGGA
4128934	4128945	GAAACCTGGCG
4137556	4137567	TTGGCCTGGAT
4138439	4138450	GCAGCCTGGGT
4150239	4150250	TTAGCCTGGAC
4161891	4161902	TTTCCCTGGTG
4172355	4172366	TATGCCTGGTC
4176247	4176258	CGATCCTGGTA
4177200	4177211	AGAACCTGGCT
4177703	4177714	TTCGCCTGGTA
4179789	4179800	GGAGCCTGGCC
4187762	4187773	AGGACCTGGTG
4188809	4188820	CAATCCTGGCT
4189520	4189531	CCAGCCTGGCA
4200126	4200137	CGTACCTGGAG
4216125	4216136	CAGTCCTGGCA
4219953	4219964	TTTCCCTGGCG
4223212	4223223	TGTACCTGGTC
4224854	4224865	CCGGCCTGGAG
4230888	4230899	TTACCCTGGTG
4243162	4243173	TTTGCCTGGAA
4261441	4261452	CGAACCTGGAT
4276390	4276401	TTGGCCTGGTG
4286619	4286630	TCCGCCTGGTG
4294496	4294507	TCAGCCTGGCC
4294501	4294512	CTGGCCTGGCA
4302991	4303002	GCGACCTGGTC
4314848	4314859	AGCCCCTGGAC
4327263	4327274	TTACCCTGGAG
4338457	4338468	GCGTCCTGGCA
4349953	4349964	AAAGCCTGGGA
4351408	4351419	ATGGCCTGGAT
4370071	4370082	ATCGCCTGGCC
4372498	4372509	GTATCCTGGAT
4392152	4392163	TTTTCCTGGTC
4404410	4404421	TTGCCCTGGTT
4405991	4406002	TACGCCTGGCA
4413848	4413859	CTTCCCTGGTC
4413873	4413884	GCGTCCTGGTT
4424206	4424217	TTCGCCTGGGG
4429514	4429525	GCACCCTGGTG
4430395	4430406	TCGGCCTGGTC
4437304	4437315	TCTGCCTGGTG
4443632	4443643	ACGGCCTGGGG
4463270	4463281	AGATCCTGGTA
4466371	4466382	GCCGCCTGGCG
4468404	4468415	AATACCTGGTT
4475585	4475596	TTCTCCTGGAG
4511170	4511181	AGCTCCTGGAC
4518101	4518112	GTGTCCTGGGC
4534577	4534588	TATCCCTGGCG
4535644	4535655	TTATCCTGGCA
4538066	4538077	CAATCCTGGTT
4552218	4552229	AACACCTGGAG
4552758	4552769	AAGGCCTGGCC
4554655	4554666	CAATCCTGGCG
4560728	4560739	AATTCCTGGAA
4562911	4562922	ACTTCCTGGAG
4569387	4569398	TACCCCTGGTC
4575740	4575751	TTACCCTGGCG
4577418	4577429	TTGACCTGGAA
4585788	4585799	TGAGCCTGGCG
4600645	4600656	GGTTCCTGGCT
4603746	4603757	CGCTCCTGGTA
4605981	4605992	CGTGCCTGGCA
4612248	4612259	TGTTCCTGGTG
4613674	4613685	GCATCCTGGTA
4631584	4631595	GTCGCCTGGCG
4632247	4632258	AGCGCCTGGAA
4638809	4638820	GGTGCCTGGCG
