200866	200877	ACAGCCAGGAT
218645	218656	GCAGCCAGGTA
530250	530261	CCAGCCAGGCC
683667	683678	ACAGCCAGGCG
696774	696785	CGAACCAGGGA
739528	739539	TTCGCCAGGAT
747406	747417	GCCGCCAGGAG
813071	813082	TTGCCCAGGCG
877646	877657	GGCACCAGGCT
928573	928584	GCAGCCAGGCC
995662	995673	GTGACCAGGTT
1005039	1005050	ACAGCCAGGTA
1015313	1015324	ACCACCAGGGA
1271058	1271069	GCCACCAGGAA
1311741	1311752	TAAGCCAGGCA
1333797	1333808	CCCGCCAGGTG
1371000	1371011	TGCGCCAGGTA
1447099	1447110	CCTGCCAGGTG
1466862	1466873	GCGACCAGGCC
1520196	1520207	TACACCAGGTG
1522889	1522900	GTTGCCAGGCG
1776217	1776228	TTGCCCAGGCG
1777569	1777580	GGAACCAGGTG
1998697	1998708	GTAGCCAGGTG
2075337	2075348	AGATCCAGGCG
2226605	2226616	ACCACCAGGCT
2257370	2257381	AGCGCCAGGTT
2259118	2259129	GTAGCCAGGCT
2328410	2328421	CCAGCCAGGCT
2412932	2412943	CCGCCCAGGGC
2615598	2615609	GTTGCCAGGCG
2822449	2822460	GGCACCAGGCA
2938278	2938289	GCGCCCAGGTT
3118749	3118760	CTCGCCAGGTT
3160444	3160455	CCAGCCAGGCA
3317563	3317574	GGAACCAGGTT
3339406	3339417	TCCGCCAGGAT
3380830	3380841	CAGGCCAGGTT
3417521	3417532	CGCGCCAGGAA
3437728	3437739	ACCGCCAGGAA
3463107	3463118	TCACCCAGGAC
3720967	3720978	GTAGCCAGGTG
3905376	3905387	ACCGCCAGGAA
3936617	3936628	ACCGCCAGGCA
3948684	3948695	CCAGCCAGGCA
4001253	4001264	TCATCCAGGAT
4117441	4117452	CCAGCCAGGCA
4328923	4328934	CGCGCCAGGAA
4355426	4355437	CCAGCCAGGCC
4355929	4355940	GCAGCCAGGCC
4494573	4494584	GCCGCCAGGCG
4562328	4562339	CCCGCCAGGAC
4563739	4563750	CAGCCCAGGGA
4590386	4590397	AGCGCCAGGCC
